"DIPUTADO","BLOQUE","PROVINCIA","¿CÓMO VOTÓ?"
"ACEVEDO, SERGIO EDGARDO","Por Santa Cruz","Santa Cruz","AFIRMATIVO"
"AGOST CARREÑO, OSCAR","Encuentro Federal","Córdoba","AFIRMATIVO"
"AGUIRRE, HILDA","Union Por La Patria","La Rioja","AFIRMATIVO"
"AGUIRRE, MANUEL IGNACIO","Democracia Para Siempre","Corrientes","AUSENTE"
"AJMECHET, SABRINA","Pro","C.A.B.A.","NEGATIVO"
"ALI, ERNESTO ""PIPI""","Union Por La Patria","San Luis","AFIRMATIVO"
"ALIANIELLO, EUGENIA","Union Por La Patria","Chubut","AFIRMATIVO"
"ALLENDE, WALBERTO","Union Por La Patria","San Juan","AFIRMATIVO"
"ALMIRON, LISANDRO","La Libertad Avanza","Corrientes","NEGATIVO"
"ALONSO, CONSTANZA MARIA","Union Por La Patria","Buenos Aires","AFIRMATIVO"
"ANSALONI, PABLO","La Libertad Avanza","Buenos Aires","NEGATIVO"
"ANTOLA, MARCELA","Democracia Para Siempre","Entre Ríos","AFIRMATIVO"
"ARABIA, DAMIAN","Pro","C.A.B.A.","NEGATIVO"
"ARANCIBIA RODRIGUEZ, ALBERTO GUSTAVO","La Libertad Avanza","San Luis","AUSENTE"
"ARAUJO HERNANDEZ, JORGE NERI","Union Por La Patria","Tierra del Fuego","AFIRMATIVO"
"ARAUJO, MARIA FERNANDA","La Libertad Avanza","C.A.B.A.","NEGATIVO"
"ARDOHAIN, MARTIN","Pro","La Pampa","NEGATIVO"
"ARJOL, MARTIN","Liga Del Interior Eli","Misiones","NEGATIVO"
"ARRIETA, LOURDES MICAELA","Transformacion","Mendoza","AFIRMATIVO"
"ARROYO, DANIEL","Union Por La Patria","Buenos Aires","AFIRMATIVO"
"ARRUA, ALBERTO","Innovacion Federal","Misiones","AFIRMATIVO"
"AUBONE, ANA FABIOLA","Union Por La Patria","San Juan","AFIRMATIVO"
"AVEIRO, MARTIN","Union Por La Patria","Mendoza","AFIRMATIVO"
"AVICO, BELEN","Pro","Córdoba","NEGATIVO"
"AVILA, FERNANDA","Union Por La Patria","Catamarca","AFIRMATIVO"
"AVILA, JORGE ANTONIO","Encuentro Federal","Chubut","AFIRMATIVO"
"BACHEY, KARINA ETHEL","Pro","San Luis","AFIRMATIVO"
"BALDASSI, HECTOR W.","Pro","Córdoba","AFIRMATIVO"
"BALLEJOS, NANCY","Pro","Entre Ríos","NEGATIVO"
"BANFI, KARINA","Ucr - Union Civica Radical","Buenos Aires","AFIRMATIVO"
"BARLETTA, MARIO","Unidos","Santa Fe","AFIRMATIVO"
"BASTERRA, LUIS EUGENIO","Union Por La Patria","Formosa","AFIRMATIVO"
"BENEDETTI, ATILIO","Ucr - Union Civica Radical","Entre Ríos","AUSENTE"
"BENEDIT, BELTRAN","La Libertad Avanza","Entre Ríos","NEGATIVO"
"BENEGAS LYNCH, BERTIE","La Libertad Avanza","Buenos Aires","NEGATIVO"
"BERMEJO, ADOLFO","Union Por La Patria","Mendoza","AFIRMATIVO"
"BERTOLDI, TANYA","Union Por La Patria","Neuquén","AFIRMATIVO"
"BESANA, GABRIELA","Pro","Buenos Aires","ABSTENCION"
"BIANCHETTI, EMMANUEL","Pro","Misiones","NEGATIVO"
"BONACCI, ROCIO","La Libertad Avanza","Santa Fe","NEGATIVO"
"BONGIOVANNI, ALEJANDRO","Pro","Santa Fe","NEGATIVO"
"BORDET, GUSTAVO","Union Por La Patria","Entre Ríos","AFIRMATIVO"
"BORNORONI, GABRIEL","La Libertad Avanza","Córdoba","NEGATIVO"
"BORREGO, VICTORIA","Coalicion Civica","Buenos Aires","AFIRMATIVO"
"BRAMBILLA, SOFIA","Pro","Corrientes","AFIRMATIVO"
"BROUWER DE KONING, GABRIELA","Ucr - Union Civica Radical","Córdoba","AFIRMATIVO"
"BRUGGE, JUAN FERNANDO","Encuentro Federal","Córdoba","AFIRMATIVO"
"CAFIERO, SANTIAGO","Union Por La Patria","Buenos Aires","AFIRMATIVO"
"CALLETTI, PAMELA","Innovacion Federal","Salta","AFIRMATIVO"
"CAMPAGNOLI, MARCELA","Coalicion Civica","Buenos Aires","AFIRMATIVO"
"CAMPERO, MARIANO","Liga Del Interior Eli","Tucumán","NEGATIVO"
"CAMPITELLI, CELIA","Union Por La Patria","Santiago del Estero","AFIRMATIVO"
"CAPOZZI, SERGIO EDUARDO","Pro","Rio Negro","NEGATIVO"
"CARBAJAL, FERNANDO","Democracia Para Siempre","Formosa","AFIRMATIVO"
"CARIGNANO, FLORENCIA","Union Por La Patria","Santa Fe","AFIRMATIVO"
"CARRIZO, ANA CARLA","Democracia Para Siempre","C.A.B.A.","AFIRMATIVO"
"CARRIZO, SOLEDAD","Ucr - Union Civica Radical","Córdoba","AFIRMATIVO"
"CARRO, PABLO","Union Por La Patria","Córdoba","AFIRMATIVO"
"CASAS, SERGIO GUILLERMO","Union Por La Patria","La Rioja","AFIRMATIVO"
"CASTAGNETO, CARLOS DANIEL","Union Por La Patria","Buenos Aires","AFIRMATIVO"
"CASTILLO, CHRISTIAN","Pts-frente De Izquierda Unidad","Buenos Aires","AFIRMATIVO"
"CERVI, PABLO","Liga Del Interior Eli","Neuquén","NEGATIVO"
"CHAHER, LEILA","Union Por La Patria","Jujuy","AFIRMATIVO"
"CHICA, JORGE","Union Por La Patria","San Juan","AFIRMATIVO"
"CHOMIAK, MARIA LUISA","Union Por La Patria","Chaco","AFIRMATIVO"
"CHUMPITAZ, GABRIEL FELIPE","Futuro Y Libertad","Santa Fe","AFIRMATIVO"
"CIPOLINI, GERARDO","Ucr - Union Civica Radical","Chaco","NEGATIVO"
"CISNEROS, CARLOS","Union Por La Patria","Tucumán","AFIRMATIVO"
"COBOS, JULIO","Ucr - Union Civica Radical","Mendoza","AFIRMATIVO"
"COLETTA, MARIELA","Democracia Para Siempre","C.A.B.A.","AFIRMATIVO"
"COLI, MARCELA","Democracia Para Siempre","La Pampa","AFIRMATIVO"
"CORREA LLANO, FACUNDO","La Libertad Avanza","Mendoza","NEGATIVO"
"D'ALESSANDRO, CARLOS","La Libertad Avanza","San Luis","AFIRMATIVO"
"DAIVES, RICARDO","Union Por La Patria","Santiago del Estero","AFIRMATIVO"
"DE LA SOTA, NATALIA","Encuentro Federal","Córdoba","AFIRMATIVO"
"DE LOREDO, RODRIGO","Ucr - Union Civica Radical","Córdoba","AFIRMATIVO"
"DE MENDIETA, MERCEDES","Izquierda Socialista Fit-unidad","C.A.B.A.","AFIRMATIVO"
"DE SENSI, MARIA FLORENCIA","Pro","Buenos Aires","NEGATIVO"
"DIEZ, ROMINA","La Libertad Avanza","Santa Fe","NEGATIVO"
"DOMINGO, AGUSTIN","Innovacion Federal","Rio Negro","AFIRMATIVO"
"EMMA, NICOLAS","La Libertad Avanza","C.A.B.A.","NEGATIVO"
"ESPERT, JOSE LUIS","La Libertad Avanza","Buenos Aires","NEGATIVO"
"ESTEVEZ, GABRIELA BEATRIZ","Union Por La Patria","Córdoba","AFIRMATIVO"
"ESTRADA, EMILIANO","Union Por La Patria","Salta","AFIRMATIVO"
"FALCONE, EDUARDO","Mid - Movimiento De Integracion Y Desarrollo","Buenos Aires","AFIRMATIVO"
"FEIN, MONICA","Encuentro Federal","Santa Fe","AFIRMATIVO"
"FERNANDEZ MOLERO, DAIANA","Pro","C.A.B.A.","NEGATIVO"
"FERNANDEZ PATRI, RAMIRO","Union Por La Patria","Formosa","AFIRMATIVO"
"FERNANDEZ, AGUSTIN","Independencia","Tucumán","AFIRMATIVO"
"FERNANDEZ, CARLOS ALBERTO","Innovacion Federal","Misiones","AFIRMATIVO"
"FERNANDEZ, ELIA MARINA","Independencia","Tucumán","AFIRMATIVO"
"FERRARO, MAXIMILIANO","Coalicion Civica","C.A.B.A.","AFIRMATIVO"
"FERREYRA, ALIDA","La Libertad Avanza","C.A.B.A.","NEGATIVO"
"FIGUEROA CASAS, GERMANA","Pro","Santa Fe","AUSENTE"
"FINOCCHIARO, ALEJANDRO","Pro","Buenos Aires","NEGATIVO"
"FRADE, MONICA","Coalicion Civica","Buenos Aires","AFIRMATIVO"
"FREITES, ANDREA","Union Por La Patria","Tierra del Fuego","AFIRMATIVO"
"GAILLARD, ANA CAROLINA","Union Por La Patria","Entre Ríos","AFIRMATIVO"
"GARCIA ARESCA, IGNACIO","Encuentro Federal","Córdoba","AFIRMATIVO"
"GARCIA, CARLOS","La Libertad Avanza","Chaco","NEGATIVO"
"GARRAMUÑO, RICARDO","Somos Fueguinos","Tierra del Fuego","NEGATIVO"
"GARRIDO, JOSE LUIS","Por Santa Cruz","Santa Cruz","AFIRMATIVO"
"GINOCCHIO, SILVANA MICAELA","Union Por La Patria","Catamarca","AFIRMATIVO"
"GIORDANO, JUAN CARLOS","Izquierda Socialista Fit-unidad","Buenos Aires","AFIRMATIVO"
"GIORGI, MELINA","Democracia Para Siempre","Santa Fe","AFIRMATIVO"
"GIUDICI, SILVANA","Pro","C.A.B.A.","NEGATIVO"
"GIULIANO, DIEGO A.","Union Por La Patria","Santa Fe","AFIRMATIVO"
"GLINSKI, JOSE","Union Por La Patria","Chubut","AFIRMATIVO"
"GOLLAN, DANIEL","Union Por La Patria","Buenos Aires","AFIRMATIVO"
"GOMEZ, JOSE","Union Por La Patria","Santiago del Estero","AUSENTE"
"GONZALEZ, ALVARO","Pro","C.A.B.A.","AFIRMATIVO"
"GONZALEZ, GERARDO GUSTAVO","La Libertad Avanza","Formosa","AUSENTE"
"GONZALEZ, GUSTAVO CARLOS MIGUEL","Union Por La Patria","Santa Cruz","AFIRMATIVO"
"GUTIERREZ, CARLOS","Encuentro Federal","Córdoba","AFIRMATIVO"
"GUTIERREZ, RAMIRO","Union Por La Patria","Buenos Aires","AFIRMATIVO"
"HAGMAN, ITAI","Union Por La Patria","C.A.B.A.","AFIRMATIVO"
"HELLER, CARLOS","Union Por La Patria","C.A.B.A.","AFIRMATIVO"
"HERRERA, BERNARDO JOSE","Union Por La Patria","Santiago del Estero","AFIRMATIVO"
"HERRERA, RICARDO","Union Por La Patria","La Rioja","AFIRMATIVO"
"HUESEN, GERARDO","La Libertad Avanza","Tucumán","NEGATIVO"
"IANNI, ANA MARIA","Union Por La Patria","Santa Cruz","AFIRMATIVO"
"IBAÑEZ, MARIA CECILIA","Mid - Movimiento De Integracion Y Desarrollo","Córdoba","NEGATIVO"
"IGLESIAS, FERNANDO ADOLFO","Pro","C.A.B.A.","NEGATIVO"
"IPARRAGUIRRE, ROGELIO","Union Por La Patria","Buenos Aires","AUSENTE"
"JULIANO, PABLO","Democracia Para Siempre","Buenos Aires","AFIRMATIVO"
"KIRCHNER, MAXIMO CARLOS","Union Por La Patria","Buenos Aires","AFIRMATIVO"
"KLIPAUKA LEWTAK, FLORENCIA","La Libertad Avanza","Misiones","AUSENTE"
"LASPINA, LUCIANO ANDRES","Pro","Santa Fe","NEGATIVO"
"LEDESMA, TOMAS","Union Por La Patria","Entre Ríos","AFIRMATIVO"
"LEIVA, ALDO","Union Por La Patria","Chaco","AFIRMATIVO"
"LEMOINE, LILIA","La Libertad Avanza","Buenos Aires","NEGATIVO"
"LITZA, MONICA","Union Por La Patria","Buenos Aires","AFIRMATIVO"
"LLANCAFILO, OSVALDO","Movimiento Popular  Neuquino","Neuquén","AFIRMATIVO"
"LLANO, MERCEDES","La Libertad Avanza","Mendoza","NEGATIVO"
"LOPEZ MURPHY, RICARDO HIPOLITO","Republicanos Unidos","C.A.B.A.","AFIRMATIVO"
"LOPEZ RODRIGUEZ, DANTE","Union Por La Patria","Catamarca","AUSENTE"
"LOPEZ, JUAN MANUEL","Coalicion Civica","Buenos Aires","AFIRMATIVO"
"LOSPENNATO, SILVIA","Pro","Buenos Aires","AUSENTE"
"MACHA, MONICA","Union Por La Patria","Buenos Aires","AFIRMATIVO"
"MACYSZYN, LORENA","La Libertad Avanza","Buenos Aires","NEGATIVO"
"MANES, FACUNDO","Democracia Para Siempre","Buenos Aires","AFIRMATIVO"
"MANRIQUE, MARIO","Union Por La Patria","Buenos Aires","AFIRMATIVO"
"MAQUIEYRA, MARTIN","Pro","La Pampa","NEGATIVO"
"MARIN, VARINIA LIS","Union Por La Patria","La Pampa","AFIRMATIVO"
"MARINO, JUAN","Union Por La Patria","Buenos Aires","AFIRMATIVO"
"MARQUEZ, NADIA","La Libertad Avanza","Neuquén","NEGATIVO"
"MARTINEZ, ALVARO","La Libertad Avanza","Mendoza","NEGATIVO"
"MARTINEZ, GERMAN PEDRO","Union Por La Patria","Santa Fe","AFIRMATIVO"
"MARZIOTTA, GISELA","Union Por La Patria","C.A.B.A.","AFIRMATIVO"
"MASSOT, NICOLAS","Encuentro Federal","Buenos Aires","AFIRMATIVO"
"MASTALER, MAGALI","Union Por La Patria","Santa Fe","AFIRMATIVO"
"MAYORAZ, NICOLAS","La Libertad Avanza","Santa Fe","NEGATIVO"
"MEDINA, GLADYS","Independencia","Tucumán","AFIRMATIVO"
"MENEM, MARTIN","La Libertad Avanza","La Rioja","NEGATIVO"
"MILMAN, GERARDO","Pro","Buenos Aires","NEGATIVO"
"MIRABELLA, ROBERTO","Defendamos Santa Fe","Santa Fe","AFIRMATIVO"
"MOLLE, MATIAS","Union Por La Patria","Buenos Aires","AFIRMATIVO"
"MONTENEGRO, GUILLERMO","La Libertad Avanza","Buenos Aires","NEGATIVO"
"MONTI, FRANCISCO","Liga Del Interior Eli","Catamarca","NEGATIVO"
"MONTOTO, MARIA LUISA","Union Por La Patria","Santiago del Estero","AFIRMATIVO"
"MONZO, EMILIO","Encuentro Federal","Buenos Aires","AFIRMATIVO"
"MONZON, ROXANA","Union Por La Patria","Buenos Aires","AFIRMATIVO"
"MORAN, MICAELA","Union Por La Patria","Buenos Aires","AFIRMATIVO"
"MORCHIO, FRANCISCO","Encuentro Federal","Entre Ríos","NEGATIVO"
"MOREAU, CECILIA","Union Por La Patria","Buenos Aires","AFIRMATIVO"
"MOREAU, LEOPOLDO","Union Por La Patria","Buenos Aires","AFIRMATIVO"
"MORENO OVALLE, JULIO","La Libertad Avanza","Salta","NEGATIVO"
"MORENO, MARIA DE LOS ANGELES","Produccion Y Trabajo","San Juan","AFIRMATIVO"
"MOYANO, NILDA","Union Por La Patria","Santiago del Estero","AFIRMATIVO"
"NEDER, ESTELA MARY","Union Por La Patria","Santiago del Estero","AFIRMATIVO"
"NIERI, LISANDRO","Ucr - Union Civica Radical","Mendoza","NEGATIVO"
"NOBLEGA, SEBASTIAN","Union Por La Patria","Catamarca","AFIRMATIVO"
"NUÑEZ, JOSE","Pro","Santa Fe","NEGATIVO"
"OLIVETO LAGO, PAULA","Coalicion Civica","C.A.B.A.","AFIRMATIVO"
"OMODEO, PAULA","Creo","Tucumán","NEGATIVO"
"OROZCO, EMILIA","La Libertad Avanza","Salta","NEGATIVO"
"OSUNA, BLANCA INES","Union Por La Patria","Entre Ríos","AFIRMATIVO"
"OUTES, PABLO","Innovacion Federal","Salta","AFIRMATIVO"
"PAGANO, MARCELA MARINA","La Libertad Avanza","Buenos Aires","AFIRMATIVO"
"PALAZZO, SERGIO OMAR","Union Por La Patria","Buenos Aires","AFIRMATIVO"
"PAPONET, LILIANA","Union Por La Patria","Mendoza","AFIRMATIVO"
"PAROLA, MARIA GRACIELA","Union Por La Patria","Formosa","AFIRMATIVO"
"PASSO, MARCELA FABIANA","Union Por La Patria","Buenos Aires","AFIRMATIVO"
"PAULI, SANTIAGO","La Libertad Avanza","Tierra del Fuego","NEGATIVO"
"PAULON, ESTEBAN","Encuentro Federal","Santa Fe","AFIRMATIVO"
"PEDRALI, GABRIELA","Union Por La Patria","La Rioja","AFIRMATIVO"
"PEDRINI, JUAN MANUEL","Union Por La Patria","Chaco","AFIRMATIVO"
"PELUC, JOSE","La Libertad Avanza","San Juan","NEGATIVO"
"PENACCA, PAULA ANDREA","Union Por La Patria","C.A.B.A.","AFIRMATIVO"
"PEREYRA, JULIO","Union Por La Patria","Buenos Aires","AFIRMATIVO"
"PICAT, LUIS ALBINO","Liga Del Interior Eli","Córdoba","NEGATIVO"
"PICHETTO, MIGUEL ANGEL","Encuentro Federal","Buenos Aires","AFIRMATIVO"
"PICON MARTINEZ, NANCY VIVIANA","Produccion Y Trabajo","San Juan","AFIRMATIVO"
"PIPARO, CAROLINA","La Libertad Avanza","Buenos Aires","NEGATIVO"
"POKOIK, LORENA","Union Por La Patria","C.A.B.A.","AFIRMATIVO"
"POLINI, JUAN CARLOS","Democracia Para Siempre","Chaco","AFIRMATIVO"
"PONCE, MARIA CELESTE","La Libertad Avanza","Córdoba","NEGATIVO"
"POTENZA, LUCIANA","Union Por La Patria","Buenos Aires","AFIRMATIVO"
"PROPATO, AGUSTINA LUCRECIA","Union Por La Patria","Buenos Aires","AFIRMATIVO"
"QUETGLAS, FABIO JOSE","Ucr - Union Civica Radical","Buenos Aires","AFIRMATIVO"
"QUINTAR, MANUEL","La Libertad Avanza","Jujuy","NEGATIVO"
"QUIROZ, MARILU","Pro","Chaco","NEGATIVO"
"RANDAZZO, FLORENCIO","Encuentro Federal","Buenos Aires","AFIRMATIVO"
"RAUSCHENBERGER, ARIEL","Union Por La Patria","La Pampa","AFIRMATIVO"
"RAZZINI, VERONICA","Futuro Y Libertad","Santa Fe","AFIRMATIVO"
"REYES, ROXANA","Ucr - Union Civica Radical","Santa Cruz","AFIRMATIVO"
"RIPOLL, VILMA","Mst - Frente De Izquierda Y Trabajadores Unidad","Buenos Aires","AFIRMATIVO"
"RITONDO, CRISTIAN A.","Pro","Buenos Aires","NEGATIVO"
"RIZZOTTI, JORGE","Democracia Para Siempre","Jujuy","AFIRMATIVO"
"RODRIGUEZ MACHADO, LAURA ELENA","Pro","Córdoba","NEGATIVO"
"ROMERO, ANA CLARA","Pro","Chubut","AFIRMATIVO"
"ROMERO, JORGE ANTONIO","Union Por La Patria","Corrientes","AFIRMATIVO"
"RUIZ, YAMILA","Innovacion Federal","Misiones","AFIRMATIVO"
"SANCHEZ WRBA, JAVIER","Pro","Buenos Aires","NEGATIVO"
"SANCHEZ, ROBERTO ANTONIO","Ucr - Union Civica Radical","Tucumán","AFIRMATIVO"
"SAND, NANCY","Union Por La Patria","Corrientes","AFIRMATIVO"
"SANTILLAN JUAREZ BRAHIM, JULIANA","La Libertad Avanza","Buenos Aires","NEGATIVO"
"SANTILLI, DIEGO","Pro","Buenos Aires","NEGATIVO"
"SANTORO, LEANDRO","Union Por La Patria","C.A.B.A.","AFIRMATIVO"
"SANTURIO, SANTIAGO","La Libertad Avanza","Buenos Aires","NEGATIVO"
"SARAPURA, NATALIA SILVINA","Ucr - Union Civica Radical","Jujuy","AFIRMATIVO"
"SELVA, SABRINA","Union Por La Patria","Buenos Aires","AFIRMATIVO"
"SILEY, VANESA RAQUEL","Union Por La Patria","Buenos Aires","AFIRMATIVO"
"SNOPEK, GUILLERMO","Union Por La Patria","Jujuy","AFIRMATIVO"
"SORIA, MARTIN","Union Por La Patria","Rio Negro","AFIRMATIVO"
"SOTOLANO, MARIA","Pro","Buenos Aires","NEGATIVO"
"STOLBIZER, MARGARITA","Encuentro Federal","Buenos Aires","AFIRMATIVO"
"STRADA, JULIA","Union Por La Patria","Buenos Aires","AFIRMATIVO"
"TAILHADE, RODOLFO","Union Por La Patria","Buenos Aires","AFIRMATIVO"
"TAVELA, DANYA","Democracia Para Siempre","Buenos Aires","AFIRMATIVO"
"TETAZ, MARTIN ALBERTO","Ucr - Union Civica Radical","C.A.B.A.","AFIRMATIVO"
"TODERO, PABLO","Union Por La Patria","Neuquén","AFIRMATIVO"
"TOLOSA PAZ, VICTORIA","Union Por La Patria","Buenos Aires","AFIRMATIVO"
"TONIOLLI, EDUARDO","Union Por La Patria","Santa Fe","AFIRMATIVO"
"TORRES, ALEJANDRA","Encuentro Federal","Córdoba","AFIRMATIVO"
"TORTORIELLO, ANIBAL","Pro","Rio Negro","NEGATIVO"
"TOURNIER, JOSE FEDERICO","Liga Del Interior Eli","Corrientes","NEGATIVO"
"TREFFINGER, CESAR","La Libertad Avanza","Chubut","NEGATIVO"
"VALDES, EDUARDO FELIX","Union Por La Patria","C.A.B.A.","AFIRMATIVO"
"VANCSIK, DANIEL","Innovacion Federal","Misiones","AFIRMATIVO"
"VARGAS MATYI, BRENDA","Union Por La Patria","Buenos Aires","AFIRMATIVO"
"VASQUEZ, PATRICIA","Pro","Buenos Aires","NEGATIVO"
"VEGA, YOLANDA","Innovacion Federal","Salta","AFIRMATIVO"
"VERASAY, PAMELA FERNANDA","Ucr - Union Civica Radical","Mendoza","NEGATIVO"
"VIDAL, MARIA EUGENIA","Pro","C.A.B.A.","ABSTENCION"
"VILCA, ALEJANDRO","Pts-frente De Izquierda Unidad","Jujuy","AFIRMATIVO"
"VILLAVERDE, LORENA","La Libertad Avanza","Rio Negro","NEGATIVO"
"VOLNOVICH, LUANA","Union Por La Patria","Buenos Aires","AFIRMATIVO"
"YASKY, HUGO","Union Por La Patria","Buenos Aires","AFIRMATIVO"
"YEDLIN, PABLO RAUL","Union Por La Patria","Tucumán","AFIRMATIVO"
"YEZA, MARTIN","Pro","Buenos Aires","NEGATIVO"
"YUTROVIC, CAROLINA","Union Por La Patria","Tierra del Fuego","AFIRMATIVO"
"ZABALA CHACUR, NATALIA","Union Por La Patria","San Luis","AFIRMATIVO"
"ZAGO, OSCAR","Mid - Movimiento De Integracion Y Desarrollo","C.A.B.A.","AFIRMATIVO"
"ZAPATA, CARLOS RAUL","La Libertad Avanza","Salta","NEGATIVO"
"ZARACHO, NATALIA","Union Por La Patria","Buenos Aires","AFIRMATIVO"
"ZULLI, CHRISTIAN ALEJANDRO","Union Por La Patria","Corrientes","AFIRMATIVO"