APELLIDO,NOMBRE,SEXO,DISTRITO,MANDATO,FECHA_DE_JURA,FECHA_DE_INICIO,BLOQUE
Agüero,Guillermo César,M,CHACO,2025-2029,03/12/2025,10/12/2025,UCR - UNIÓN CÍVICA RADICAL
Aguirre,Hilda,F,LA RIOJA,2023-2027,07/12/2023,10/12/2023,UNIÓN POR LA PATRIA
Ajmechet,Sabrina,F,CIUDAD DE BUENOS AIRES,2025-2029,03/12/2025,10/12/2025,LA LIBERTAD AVANZA
Alí,"Ernesto ""Pipi""",M,SAN LUIS,2023-2027,31/01/2024,31/01/2024,PRIMERO SAN LUIS
Almena,Carlos Alberto,M,SAN LUIS,2025-2029,03/12/2025,10/12/2025,LA LIBERTAD AVANZA
Almirón,Lisandro,M,CORRIENTES,2023-2027,07/12/2023,10/12/2023,LA LIBERTAD AVANZA
Álvarez,Claudio,M,SAN LUIS,2023-2027,03/12/2025,10/12/2025,ARGENTINA FEDERAL
Andino,Cristian,M,SAN JUAN,2025-2029,03/12/2025,10/12/2025,UNIÓN POR LA PATRIA
Andrade,Javier,M,CIUDAD DE BUENOS AIRES,2023-2027,03/12/2025,10/12/2025,UNIÓN POR LA PATRIA
Andreussi,Barbara,F,JUJUY,2025-2029,03/12/2025,10/12/2025,LA LIBERTAD AVANZA
Ansaloni,Pablo,M,BUENOS AIRES,2023-2027,07/12/2023,10/12/2023,LA LIBERTAD AVANZA
Arabia,Damián,M,CIUDAD DE BUENOS AIRES,2023-2027,07/12/2023,10/12/2023,LA LIBERTAD AVANZA
Araujo Hernández,Jorge Neri,M,TIERRA DEL FUEGO,2023-2027,07/12/2023,10/12/2023,UNIÓN POR LA PATRIA
Ardohain,Martín,M,LA PAMPA,2023-2027,07/12/2023,10/12/2023,PRO
Arrieta,Lourdes Micaela,F,MENDOZA,2023-2027,07/12/2023,10/12/2023,PROVINCIAS UNIDAS
Arrúa,Alberto,M,MISIONES,2023-2027,07/12/2023,10/12/2023,ARGENTINA FEDERAL
Aveiro,Martín,M,MENDOZA,2023-2027,07/12/2023,10/12/2023,UNIÓN POR LA PATRIA
Avico,Belén,F,CORDOBA,2023-2027,07/12/2023,10/12/2023,LA LIBERTAD AVANZA
Avila,Fernanda,F,CATAMARCA,2023-2027,07/12/2023,10/12/2023,ELIJO CATAMARCA
Avila,Jorge Antonio,M,CHUBUT,2023-2027,07/12/2023,10/12/2023,PROVINCIAS UNIDAS
Banfi,Karina,F,BUENOS AIRES,2023-2027,07/12/2023,10/12/2023,ADELANTE BUENOS AIRES
Barbur,Marcelo,M,SANTIAGO DEL ESTERO,2025-2029,03/12/2025,10/12/2025,UNIÓN POR LA PATRIA
Basterra,Luis Eugenio,M,FORMOSA,2023-2027,07/12/2023,10/12/2023,UNIÓN POR LA PATRIA
Basualdo,Atilio,M,FORMOSA,2025-2029,17/12/2025,17/12/2025,LA LIBERTAD AVANZA
Basualdo,Carolina,F,CORDOBA,2025-2029,03/12/2025,10/12/2025,PROVINCIAS UNIDAS
Becerra,Mónica,F,SAN LUIS,2025-2029,03/12/2025,10/12/2025,LA LIBERTAD AVANZA
Benedit,Beltrán,M,ENTRE RIOS,2023-2027,07/12/2023,10/12/2023,LA LIBERTAD AVANZA
Benegas Lynch,Bertie,M,BUENOS AIRES,2023-2027,07/12/2023,10/12/2023,LA LIBERTAD AVANZA
Bianchetti,Emmanuel,M,MISIONES,2023-2027,07/12/2023,10/12/2023,PRO
Biella,Bernardo,M,SALTA,2025-2029,03/12/2025,10/12/2025,ARGENTINA FEDERAL
Bonacci,Rocío,F,SANTA FE,2023-2027,07/12/2023,10/12/2023,LA LIBERTAD AVANZA
Bongiovanni,Alejandro,M,SANTA FE,2023-2027,07/12/2023,10/12/2023,LA LIBERTAD AVANZA
Bordet,Gustavo,M,ENTRE RIOS,2023-2027,07/12/2023,10/12/2023,UNIÓN POR LA PATRIA
Borgatta,Alejandrina,F,SANTA FE,2025-2029,03/12/2025,10/12/2025,UNIÓN POR LA PATRIA
Bornoroni,Gabriel,M,CORDOBA,2023-2027,07/12/2023,10/12/2023,LA LIBERTAD AVANZA
Bregman,Myriam,F,CIUDAD DE BUENOS AIRES,2025-2029,03/12/2025,10/12/2025,PTS-FRENTE DE IZQUIERDA Y DE TRABAJADORES UNIDAD
Brizuela,Adrián,M,CATAMARCA,2025-2029,03/12/2025,10/12/2025,LA LIBERTAD AVANZA
Brügge,Juan Fernando,M,CORDOBA,2023-2027,07/12/2023,10/12/2023,PROVINCIAS UNIDAS
Bruno,Eliana,F,SALTA,2023-2027,03/12/2025,10/12/2025,LA LIBERTAD AVANZA
Cafiero,Santiago,M,BUENOS AIRES,2023-2027,07/12/2023,10/12/2023,UNIÓN POR LA PATRIA
Campero,Mariano,M,TUCUMAN,2023-2027,07/12/2023,10/12/2023,LA LIBERTAD AVANZA
Campitelli,Celia,F,SANTIAGO DEL ESTERO,2023-2027,07/12/2023,10/12/2023,UNIÓN POR LA PATRIA
Campo,Julieta Marisol,F,CHACO,2025-2029,03/12/2025,10/12/2025,UNIÓN POR LA PATRIA
Cámpora,Lucía,F,CIUDAD DE BUENOS AIRES,2025-2029,03/12/2025,10/12/2025,UNIÓN POR LA PATRIA
Capozzi,Sergio Eduardo,M,RIO NEGRO,2023-2027,07/12/2023,10/12/2023,PROVINCIAS UNIDAS
Carignano,Florencia,F,SANTA FE,2023-2027,07/12/2023,10/12/2023,UNIÓN POR LA PATRIA
Carrancio,Alejandro,M,BUENOS AIRES,2025-2029,03/12/2025,10/12/2025,LA LIBERTAD AVANZA
Casas,Sergio Guillermo,M,LA RIOJA,2023-2027,07/12/2023,10/12/2023,UNIÓN POR LA PATRIA
Castagneto,Carlos Daniel,M,BUENOS AIRES,2023-2027,07/12/2023,10/12/2023,UNIÓN POR LA PATRIA
Castelnuovo,Giselle,F,BUENOS AIRES,2025-2029,03/12/2025,10/12/2025,LA LIBERTAD AVANZA
Chica,Jorge,M,SAN JUAN,2023-2027,07/12/2023,10/12/2023,UNIÓN POR LA PATRIA
Chiconi,Abel,M,SAN JUAN,2025-2029,03/12/2025,10/12/2025,LA LIBERTAD AVANZA
Cipolini,Gerardo,M,CHACO,2023-2027,07/12/2023,10/12/2023,UCR - UNIÓN CÍVICA RADICAL
Cisneros,Carlos,M,TUCUMAN,2023-2027,07/12/2023,10/12/2023,UNIÓN POR LA PATRIA
Coletta,Mariela,F,CIUDAD DE BUENOS AIRES,2023-2027,07/12/2023,10/12/2023,PROVINCIAS UNIDAS
Correa Llano,Facundo,M,MENDOZA,2023-2027,07/12/2023,10/12/2023,LA LIBERTAD AVANZA
Daives,Ricardo,M,SANTIAGO DEL ESTERO,2023-2027,07/12/2023,10/12/2023,UNIÓN POR LA PATRIA
de Andreis,Fernando,M,CIUDAD DE BUENOS AIRES,2025-2029,03/12/2025,10/12/2025,PRO
de la Rosa,María Graciela,F,FORMOSA,2025-2029,03/12/2025,10/12/2025,UNIÓN POR LA PATRIA
de la Sota,Natalia,F,CORDOBA,2025-2029,03/12/2025,10/12/2025,DEFENDAMOS CÓRDOBA
De Sensi,María Florencia,F,BUENOS AIRES,2025-2029,03/12/2025,10/12/2025,PRO
del Caño,Nicolás,M,BUENOS AIRES,2025-2029,03/12/2025,10/12/2025,PTS-FRENTE DE IZQUIERDA Y DE TRABAJADORES UNIDAD
Del Plá,Romina,F,BUENOS AIRES,2025-2029,03/12/2025,10/12/2025,PARTIDO OBRERO EN EL FRENTE DE IZQUIERDA Y DE TRABAJADORES-UNIDAD
Díaz,Fernanda,F,BUENOS AIRES,2025-2029,03/12/2025,10/12/2025,UNIÓN POR LA PATRIA
Diez,Romina,F,SANTA FE,2023-2027,07/12/2023,10/12/2023,LA LIBERTAD AVANZA
Dolce,Sergio,M,CHACO,2025-2029,03/12/2025,10/12/2025,UNIÓN POR LA PATRIA
Emma,Nicolás,M,CIUDAD DE BUENOS AIRES,2025-2029,03/12/2025,10/12/2025,LA LIBERTAD AVANZA
Estévez,Gabriela Beatriz,F,CORDOBA,2023-2027,07/12/2023,10/12/2023,UNIÓN POR LA PATRIA
Falcone,Eduardo,M,BUENOS AIRES,2023-2027,07/12/2023,10/12/2023,MID - MOVIMIENTO DE INTEGRACIÓN Y DESARROLLO
Fargosi,Alejandro,M,CIUDAD DE BUENOS AIRES,2025-2029,03/12/2025,10/12/2025,LA LIBERTAD AVANZA
Farías,Pablo,M,SANTA FE,2025-2029,03/12/2025,10/12/2025,PROVINCIAS UNIDAS
Félix,Emir,M,MENDOZA,2025-2029,03/12/2025,10/12/2025,UNIÓN POR LA PATRIA
Fernández,Elia Marina,F,TUCUMAN,2023-2027,03/12/2025,10/12/2025,INDEPENDENCIA
Fernández,Jorge,M,SAN LUIS,2025-2029,03/12/2025,10/12/2025,PRIMERO SAN LUIS
Fernández Molero,Daiana,F,CIUDAD DE BUENOS AIRES,2023-2027,07/12/2023,10/12/2023,PRO
Ferrán,Abelardo,M,LA PAMPA,2025-2029,03/12/2025,10/12/2025,UNIÓN POR LA PATRIA
Ferraro,Maximiliano,M,CIUDAD DE BUENOS AIRES,2023-2027,07/12/2023,10/12/2023,COALICION CIVICA
Ferreyra,Alida,F,CIUDAD DE BUENOS AIRES,2023-2027,31/01/2024,31/01/2024,LA LIBERTAD AVANZA
Figliuolo,Sergio,M,BUENOS AIRES,2025-2029,03/12/2025,10/12/2025,LA LIBERTAD AVANZA
Finocchiaro,Alejandro,M,BUENOS AIRES,2025-2029,03/12/2025,10/12/2025,PRO
Flores,Maria Gabriela,F,SALTA,2025-2029,03/12/2025,10/12/2025,LA LIBERTAD AVANZA
Frade,Mónica,F,BUENOS AIRES,2023-2027,07/12/2023,10/12/2023,COALICION CIVICA
Fregonese,Alicia,F,ENTRE RIOS,2025-2029,03/12/2025,10/12/2025,PRO
Freites,Andrea,F,TIERRA DEL FUEGO,2023-2027,07/12/2023,10/12/2023,UNIÓN POR LA PATRIA
Frias,Maira,F,CHUBUT,2025-2029,03/12/2025,10/12/2025,LA LIBERTAD AVANZA
Gallardo,María Virginia,F,CORRIENTES,2025-2029,03/12/2025,10/12/2025,LA LIBERTAD AVANZA
Galmarini,Sebastián,M,BUENOS AIRES,2025-2029,03/12/2025,10/12/2025,UNIÓN POR LA PATRIA
García,Álvaro,M,BUENOS AIRES,2025-2029,03/12/2025,10/12/2025,LA LIBERTAD AVANZA
García,Carlos,M,CHACO,2023-2027,07/12/2023,10/12/2023,LA LIBERTAD AVANZA
García,María Teresa,F,BUENOS AIRES,2025-2029,03/12/2025,10/12/2025,UNIÓN POR LA PATRIA
García Aresca,Ignacio,M,CORDOBA,2025-2029,03/12/2025,10/12/2025,PROVINCIAS UNIDAS
Garrido,José Luis,M,SANTA CRUZ,2023-2027,07/12/2023,10/12/2023,POR SANTA CRUZ
Giampieri,Antonela,F,CIUDAD DE BUENOS AIRES,2025-2029,03/12/2025,10/12/2025,PRO
Giordano,Juan Carlos,M,BUENOS AIRES,2023-2027,26/08/2026,26/08/2026,IZQUIERDA SOCIALISTA - FRENTE DE IZQUIERDA UNIDAD
Giudici,Silvana,F,CIUDAD DE BUENOS AIRES,2023-2027,07/12/2023,10/12/2023,LA LIBERTAD AVANZA
Giuliano,Diego A.,M,SANTA FE,2023-2027,07/12/2023,10/12/2023,UNIÓN POR LA PATRIA
Glinski,José,M,CHUBUT,2023-2027,07/12/2023,10/12/2023,UNIÓN POR LA PATRIA
Goitia,Rosario,F,CHACO,2025-2029,03/12/2025,10/12/2025,LA LIBERTAD AVANZA
Gomez,José,M,SANTIAGO DEL ESTERO,2023-2027,07/12/2023,10/12/2023,UNIÓN POR LA PATRIA
Gonzales,Alfredo,M,JUJUY,2025-2029,03/12/2025,10/12/2025,LA LIBERTAD AVANZA
González,Álvaro,M,CIUDAD DE BUENOS AIRES,2023-2027,07/12/2023,10/12/2023,PRO
González,Diógenes Ignacio,M,CORRIENTES,2025-2029,03/12/2025,10/12/2025,UCR - UNIÓN CÍVICA RADICAL
González,Gerardo Gustavo,M,FORMOSA,2023-2027,07/12/2023,10/12/2023,ARGENTINA FEDERAL
González Estevarena,María Luisa,F,BUENOS AIRES,2025-2029,03/12/2025,10/12/2025,LA LIBERTAD AVANZA
Grabois,Juan,M,BUENOS AIRES,2025-2029,03/12/2025,10/12/2025,UNIÓN POR LA PATRIA
Gruber,Maura,F,MISIONES,2025-2029,03/12/2025,10/12/2025,LA LIBERTAD AVANZA
Gutiérrez,Carlos,M,CORDOBA,2023-2027,07/12/2023,10/12/2023,PROVINCIAS UNIDAS
Gutiérrez,Ramiro,M,BUENOS AIRES,2023-2027,07/12/2023,10/12/2023,UNIÓN POR LA PATRIA
Guzmán,Jairo,M,SANTA CRUZ,2025-2029,03/12/2025,10/12/2025,LA LIBERTAD AVANZA
Hadad,Raúl,M,CORRIENTES,2025-2029,03/12/2025,10/12/2025,UNIÓN POR LA PATRIA
Hagman,Itai,M,CIUDAD DE BUENOS AIRES,2025-2029,03/12/2025,10/12/2025,UNIÓN POR LA PATRIA
Hartfield,Diego,M,MISIONES,2025-2029,03/12/2025,10/12/2025,LA LIBERTAD AVANZA
Herrera Ahuad,Oscar A.,M,MISIONES,2025-2029,03/12/2025,10/12/2025,ARGENTINA FEDERAL
Holzman,Patricia,F,CIUDAD DE BUENOS AIRES,2025-2029,03/12/2025,10/12/2025,LA LIBERTAD AVANZA
Huesen,Gerardo,M,TUCUMAN,2023-2027,07/12/2023,10/12/2023,LA LIBERTAD AVANZA
Humenuk,Gladys,F,BUENOS AIRES,2025-2029,03/12/2025,10/12/2025,LA LIBERTAD AVANZA
Ianni,Ana María,F,SANTA CRUZ,2023-2027,07/12/2023,10/12/2023,UNIÓN POR LA PATRIA
Ibañez,María Cecilia,F,CORDOBA,2023-2027,07/12/2023,10/12/2023,LA LIBERTAD AVANZA
Jaime Quiroga,Carlos Gustavo,M,SAN JUAN,2025-2029,03/12/2025,10/12/2025,PRODUCCION Y TRABAJO
Juliano,Pablo,M,BUENOS AIRES,2023-2027,07/12/2023,10/12/2023,PROVINCIAS UNIDAS
Kirchner,Máximo Carlos,M,BUENOS AIRES,2023-2027,07/12/2023,10/12/2023,UNIÓN POR LA PATRIA
Lanesan Sancho,Moira,F,SANTA CRUZ,2025-2029,03/12/2025,10/12/2025,UNIÓN POR LA PATRIA
Laumann,Andrés Ariel,M,ENTRE RIOS,2025-2029,03/12/2025,10/12/2025,LA LIBERTAD AVANZA
Leiva,Aldo,M,CHACO,2023-2027,07/12/2023,10/12/2023,UNIÓN POR LA PATRIA
Lemoine,Lilia,F,BUENOS AIRES,2023-2027,07/12/2023,10/12/2023,LA LIBERTAD AVANZA
Leone,Andrés,M,CIUDAD DE BUENOS AIRES,2025-2029,03/12/2025,10/12/2025,LA LIBERTAD AVANZA
Llano,Mercedes,F,MENDOZA,2023-2027,07/12/2023,10/12/2023,LA LIBERTAD AVANZA
Lluch,Enrique,M,CORDOBA,2025-2029,03/12/2025,10/12/2025,LA LIBERTAD AVANZA
Longo,Johanna Sabrina,F,BUENOS AIRES,2025-2029,03/12/2025,10/12/2025,LA LIBERTAD AVANZA
López,Jimena,F,BUENOS AIRES,2025-2029,03/12/2025,10/12/2025,UNIÓN POR LA PATRIA
López Pasquali,Cecilia,F,SANTIAGO DEL ESTERO,2025-2029,03/12/2025,10/12/2025,UNIÓN POR LA PATRIA
Lousteau,Martín,M,CIUDAD DE BUENOS AIRES,2025-2029,03/12/2025,10/12/2025,PROVINCIAS UNIDAS
Luque,Juan Pablo,M,CHUBUT,2025-2029,03/12/2025,10/12/2025,UNIÓN POR LA PATRIA
Macyszyn,Lorena,F,BUENOS AIRES,2023-2027,07/12/2023,10/12/2023,LA LIBERTAD AVANZA
Mango,Marcelo,M,RIO NEGRO,2023-2027,03/12/2025,10/12/2025,UNIÓN POR LA PATRIA
Manrique,Mario,M,BUENOS AIRES,2023-2027,07/12/2023,10/12/2023,UNIÓN POR LA PATRIA
Marclay,Marianela,F,ENTRE RIOS,2025-2029,03/12/2025,10/12/2025,UNIÓN POR LA PATRIA
Marín,Varinia Lis,F,LA PAMPA,2025-2029,03/12/2025,10/12/2025,UNIÓN POR LA PATRIA
Marino,Juan,M,BUENOS AIRES,2023-2027,07/12/2023,10/12/2023,UNIÓN POR LA PATRIA
Martínez,Álvaro,M,MENDOZA,2025-2029,03/12/2025,10/12/2025,LA LIBERTAD AVANZA
Martínez,Germán Pedro,M,SANTA FE,2023-2027,07/12/2023,10/12/2023,UNIÓN POR LA PATRIA
Massot,Nicolás,M,BUENOS AIRES,2023-2027,07/12/2023,10/12/2023,ENCUENTRO FEDERAL
Matzkin,Martín,M,LA PAMPA,2025-2029,24/06/2026,24/06/2026,LA LIBERTAD AVANZA
Maureira,Karina,F,NEUQUEN,2025-2029,03/12/2025,10/12/2025,LA NEUQUINIDAD
Mayoraz,Nicolás,M,SANTA FE,2023-2027,07/12/2023,10/12/2023,LA LIBERTAD AVANZA
Medina,Gladys,F,TUCUMAN,2025-2029,03/12/2025,10/12/2025,INDEPENDENCIA
Menem,Martín,M,LA RIOJA,2023-2027,07/12/2023,10/12/2023,LA LIBERTAD AVANZA
Metral Asensio,Julieta,F,MENDOZA,2025-2029,03/12/2025,10/12/2025,LA LIBERTAD AVANZA
Michel,Guillermo,M,ENTRE RIOS,2025-2029,03/12/2025,10/12/2025,UNIÓN POR LA PATRIA
Miño,Fernanda,F,BUENOS AIRES,2025-2029,03/12/2025,10/12/2025,UNIÓN POR LA PATRIA
Molina,Juan Carlos,M,SANTA CRUZ,2025-2029,03/12/2025,10/12/2025,UNIÓN POR LA PATRIA
Molinuevo,Soledad,F,TUCUMAN,2025-2029,03/12/2025,10/12/2025,LA LIBERTAD AVANZA
Molle,Matías,M,BUENOS AIRES,2023-2027,07/12/2023,10/12/2023,UNIÓN POR LA PATRIA
Mondaca,Soledad,F,NEUQUEN,2025-2029,03/12/2025,10/12/2025,LA LIBERTAD AVANZA
Monguillot,Fernando,M,CATAMARCA,2025-2029,03/12/2025,10/12/2025,ELIJO CATAMARCA
Montenegro,Guillermo,M,BUENOS AIRES,2023-2027,07/12/2023,10/12/2023,LA LIBERTAD AVANZA
Montenegro,Juan Pablo,M,SANTA FE,2025-2029,03/12/2025,10/12/2025,LA LIBERTAD AVANZA
Monzón,Roxana,F,BUENOS AIRES,2023-2027,07/12/2023,10/12/2023,UNIÓN POR LA PATRIA
Morchio,Francisco,M,ENTRE RIOS,2023-2027,07/12/2023,10/12/2023,LA LIBERTAD AVANZA
Moreau,Cecilia,F,BUENOS AIRES,2023-2027,07/12/2023,10/12/2023,UNIÓN POR LA PATRIA
Moreno Ovalle,Julio,M,SALTA,2023-2027,07/12/2023,10/12/2023,LA LIBERTAD AVANZA
Moyano,Hugo Antonio,M,BUENOS AIRES,2025-2029,03/12/2025,10/12/2025,UNIÓN POR LA PATRIA
Mukdise,Jorge,M,SANTIAGO DEL ESTERO,2025-2029,03/12/2025,10/12/2025,UNIÓN POR LA PATRIA
Muñoz,Gabriela Luciana,F,NEUQUEN,2023-2027,03/12/2025,10/12/2025,LA LIBERTAD AVANZA
Neder,Estela Mary,F,SANTIAGO DEL ESTERO,2023-2027,07/12/2023,10/12/2023,UNIÓN POR LA PATRIA
Nieri,Lisandro,M,MENDOZA,2023-2027,07/12/2023,10/12/2023,UCR - UNIÓN CÍVICA RADICAL
Niveyro,Miriam,F,BUENOS AIRES,2025-2029,03/12/2025,10/12/2025,LA LIBERTAD AVANZA
Nóblega,Sebastián,M,CATAMARCA,2023-2027,07/12/2023,10/12/2023,ELIJO CATAMARCA
Noguera,Javier,M,TUCUMAN,2025-2029,03/12/2025,10/12/2025,INDEPENDENCIA
Nuñez,José,M,SANTA FE,2023-2027,07/12/2023,10/12/2023,PROVINCIAS UNIDAS
Ojeda,Joaquín,M,BUENOS AIRES,2025-2029,03/12/2025,10/12/2025,LA LIBERTAD AVANZA
Olmos,Kelly,F,CIUDAD DE BUENOS AIRES,2025-2029,03/12/2025,10/12/2025,UNIÓN POR LA PATRIA
Osuna,Blanca Inés,F,ENTRE RIOS,2023-2027,07/12/2023,10/12/2023,UNIÓN POR LA PATRIA
Outes,Pablo,M,SALTA,2023-2027,07/12/2023,10/12/2023,ARGENTINA FEDERAL
Pagano,Marcela Marina,F,BUENOS AIRES,2023-2027,07/12/2023,10/12/2023,COHERENCIA
Palazzo,Sergio Omar,M,BUENOS AIRES,2025-2029,03/12/2025,10/12/2025,UNIÓN POR LA PATRIA
Palladino,Claudia María,F,CATAMARCA,2025-2029,03/12/2025,10/12/2025,UNIÓN POR LA PATRIA
Pareja,Sebastián,M,BUENOS AIRES,2025-2029,03/12/2025,10/12/2025,LA LIBERTAD AVANZA
Parola,María Graciela,F,FORMOSA,2023-2027,07/12/2023,10/12/2023,UNIÓN POR LA PATRIA
Patiño Brizuela,Marcos,M,CORDOBA,2025-2029,03/12/2025,10/12/2025,LA LIBERTAD AVANZA
Pauli,Santiago,M,TIERRA DEL FUEGO,2023-2027,07/12/2023,10/12/2023,LA LIBERTAD AVANZA
Paulón,Esteban,M,SANTA FE,2023-2027,07/12/2023,10/12/2023,PROVINCIAS UNIDAS
Pedrali,Gabriela,F,LA RIOJA,2025-2029,03/12/2025,10/12/2025,UNIÓN POR LA PATRIA
Pellegrini,Agustín,M,SANTA FE,2025-2029,03/12/2025,10/12/2025,LA LIBERTAD AVANZA
Pelli,Federico Agustín,M,TUCUMAN,2025-2029,03/12/2025,10/12/2025,LA LIBERTAD AVANZA
Peluc,José,M,SAN JUAN,2023-2027,07/12/2023,10/12/2023,LA LIBERTAD AVANZA
Penacca,Paula Andrea,F,CIUDAD DE BUENOS AIRES,2023-2027,07/12/2023,10/12/2023,UNIÓN POR LA PATRIA
Petri,Luis,M,MENDOZA,2025-2029,03/12/2025,10/12/2025,LA LIBERTAD AVANZA
Petrovich,María Lorena,F,BUENOS AIRES,2023-2027,03/12/2025,10/12/2025,LA LIBERTAD AVANZA
Picat,Luis Albino,M,CORDOBA,2023-2027,07/12/2023,10/12/2023,LA LIBERTAD AVANZA
Pichetto,Miguel Ángel,M,BUENOS AIRES,2023-2027,07/12/2023,10/12/2023,ENCUENTRO FEDERAL
Picón Martínez,Nancy Viviana,F,SAN JUAN,2023-2027,07/12/2023,10/12/2023,PRODUCCION Y TRABAJO
Pietragalla Corti,Horacio,M,BUENOS AIRES,2025-2029,03/12/2025,10/12/2025,UNIÓN POR LA PATRIA
Pokoik,Lorena,F,CIUDAD DE BUENOS AIRES,2023-2027,07/12/2023,10/12/2023,UNIÓN POR LA PATRIA
Ponce,María Celeste,F,CORDOBA,2023-2027,07/12/2023,10/12/2023,LA LIBERTAD AVANZA
Potenza,Luciana,F,BUENOS AIRES,2023-2027,07/12/2023,10/12/2023,UNIÓN POR LA PATRIA
Propato,Agustina Lucrecia,F,BUENOS AIRES,2025-2029,03/12/2025,10/12/2025,UNIÓN POR LA PATRIA
Quintar,Manuel,M,JUJUY,2023-2027,07/12/2023,10/12/2023,LA LIBERTAD AVANZA
Rauschenberger,Ariel,M,LA PAMPA,2023-2027,07/12/2023,10/12/2023,UNIÓN POR LA PATRIA
Ravera,Valentina,F,SANTA FE,2025-2029,03/12/2025,10/12/2025,LA LIBERTAD AVANZA
Razzini,Verónica,F,SANTA FE,2023-2027,07/12/2023,10/12/2023,LA LIBERTAD AVANZA
Reichardt,Karen,F,BUENOS AIRES,2025-2029,03/12/2025,10/12/2025,LA LIBERTAD AVANZA
Riesco,Gastón,M,NEUQUEN,2025-2029,03/12/2025,10/12/2025,LA LIBERTAD AVANZA
Ritondo,Cristian A.,M,BUENOS AIRES,2023-2027,07/12/2023,10/12/2023,PRO
Rizzotti,Jorge,M,JUJUY,2023-2027,07/12/2023,10/12/2023,PROVINCIAS UNIDAS
Roberto,Santiago Luis,M,CIUDAD DE BUENOS AIRES,2025-2029,03/12/2025,10/12/2025,UNIÓN POR LA PATRIA
Roca,Gonzalo,M,CORDOBA,2025-2029,03/12/2025,10/12/2025,LA LIBERTAD AVANZA
Rodríguez,Miguel,M,TIERRA DEL FUEGO,2025-2029,03/12/2025,10/12/2025,LA LIBERTAD AVANZA
Rodríguez Machado,Laura Elena,F,CORDOBA,2025-2029,03/12/2025,10/12/2025,LA LIBERTAD AVANZA
Rossi,Agustín Oscar,M,SANTA FE,2025-2029,03/12/2025,10/12/2025,UNIÓN POR LA PATRIA
Ruíz,Yamila,F,MISIONES,2023-2027,07/12/2023,10/12/2023,ARGENTINA FEDERAL
Salzmann,Marina Dorotea,F,BUENOS AIRES,2025-2029,03/12/2025,10/12/2025,UNIÓN POR LA PATRIA
Sánchez Wrba,Javier,M,BUENOS AIRES,2025-2029,03/12/2025,10/12/2025,PRO
Sand,Nancy,F,CORRIENTES,2023-2027,07/12/2023,10/12/2023,UNIÓN POR LA PATRIA
Santillán Juárez Brahim,Juliana,F,BUENOS AIRES,2023-2027,07/12/2023,10/12/2023,LA LIBERTAD AVANZA
Santurio,Santiago,M,BUENOS AIRES,2023-2027,07/12/2023,10/12/2023,LA LIBERTAD AVANZA
Scaglia,Gisela,F,SANTA FE,2025-2029,03/12/2025,10/12/2025,PROVINCIAS UNIDAS
Schiaretti,Juan,M,CORDOBA,2025-2029,12/02/2026,12/02/2026,PROVINCIAS UNIDAS
Schneider,Darío,M,ENTRE RIOS,2025-2029,03/12/2025,10/12/2025,UCR - UNIÓN CÍVICA RADICAL
Selva,Sabrina,F,BUENOS AIRES,2023-2027,07/12/2023,10/12/2023,UNIÓN POR LA PATRIA
Serquis,Adriana Cristina,F,RIO NEGRO,2025-2029,03/12/2025,10/12/2025,UNIÓN POR LA PATRIA
Siley,Vanesa Raquel,F,BUENOS AIRES,2025-2029,03/12/2025,10/12/2025,UNIÓN POR LA PATRIA
Snopek,Guillermo,M,JUJUY,2023-2027,07/12/2023,10/12/2023,UNIÓN POR LA PATRIA
Soldano,Laura,F,CORDOBA,2025-2029,03/12/2025,10/12/2025,LA LIBERTAD AVANZA
Strada,Julia,F,BUENOS AIRES,2023-2027,07/12/2023,10/12/2023,UNIÓN POR LA PATRIA
Taiana,Jorge,M,BUENOS AIRES,2025-2029,03/12/2025,10/12/2025,UNIÓN POR LA PATRIA
Tailhade,Rodolfo,M,BUENOS AIRES,2023-2027,07/12/2023,10/12/2023,UNIÓN POR LA PATRIA
Tepp,Caren,F,SANTA FE,2025-2029,03/12/2025,10/12/2025,UNIÓN POR LA PATRIA
Tita,Paulo Agustín,M,TIERRA DEL FUEGO,2025-2029,03/12/2025,10/12/2025,UNIÓN POR LA PATRIA
Todero,Pablo,M,NEUQUEN,2023-2027,07/12/2023,10/12/2023,UNIÓN POR LA PATRIA
Tolosa Paz,Victoria,F,BUENOS AIRES,2023-2027,07/12/2023,10/12/2023,UNIÓN POR LA PATRIA
Tomassoni,Yamile,F,SANTA FE,2025-2029,03/12/2025,10/12/2025,LA LIBERTAD AVANZA
Torres,Alejandra,F,CORDOBA,2023-2027,07/12/2023,10/12/2023,PROVINCIAS UNIDAS
Torres,Rubén Darío,M,BUENOS AIRES,2025-2029,03/12/2025,10/12/2025,LA LIBERTAD AVANZA
Tortoriello,Aníbal,M,RIO NEGRO,2025-2029,03/12/2025,10/12/2025,LA LIBERTAD AVANZA
Tournier,José Federico,M,CORRIENTES,2023-2027,14/08/2024,14/08/2024,LA LIBERTAD AVANZA
Treffinger,César,M,CHUBUT,2023-2027,07/12/2023,10/12/2023,LA LIBERTAD AVANZA
Trotta,Nicolás Alfredo,M,BUENOS AIRES,2025-2029,03/12/2025,10/12/2025,UNIÓN POR LA PATRIA
Urien,Hernán,M,BUENOS AIRES,2025-2029,03/12/2025,10/12/2025,LA LIBERTAD AVANZA
Valdés,Eduardo Félix,M,CIUDAD DE BUENOS AIRES,2023-2027,07/12/2023,10/12/2023,UNIÓN POR LA PATRIA
Vancsik,Daniel,M,MISIONES,2023-2027,07/12/2023,10/12/2023,ARGENTINA FEDERAL
Vásquez,Patricia,F,BUENOS AIRES,2023-2027,07/12/2023,10/12/2023,LA LIBERTAD AVANZA
Vega,Yolanda,F,SALTA,2023-2027,07/12/2023,10/12/2023,ARGENTINA FEDERAL
Velázquez,M. Elena,F,BUENOS AIRES,2025-2029,03/12/2025,10/12/2025,UNIÓN POR LA PATRIA
Vera,Andrea Fernanda,F,BUENOS AIRES,2025-2029,03/12/2025,10/12/2025,LA LIBERTAD AVANZA
Verasay,Pamela Fernanda,F,MENDOZA,2025-2029,03/12/2025,10/12/2025,UCR - UNIÓN CÍVICA RADICAL
Villaverde,Lorena,F,RIO NEGRO,2023-2027,07/12/2023,10/12/2023,LA LIBERTAD AVANZA
Visconti,Gino,M,LA RIOJA,2025-2029,03/12/2025,10/12/2025,LA LIBERTAD AVANZA
Volnovich,Luana,F,BUENOS AIRES,2023-2027,07/12/2023,10/12/2023,UNIÓN POR LA PATRIA
Yasky,Hugo,M,BUENOS AIRES,2025-2029,03/12/2025,10/12/2025,UNIÓN POR LA PATRIA
Yedlin,Pablo Raúl,M,TUCUMAN,2023-2027,07/12/2023,10/12/2023,UNIÓN POR LA PATRIA
Yeza,Martín,M,BUENOS AIRES,2023-2027,07/12/2023,10/12/2023,PRO
Zago,Oscar,M,CIUDAD DE BUENOS AIRES,2023-2027,07/12/2023,10/12/2023,MID - MOVIMIENTO DE INTEGRACIÓN Y DESARROLLO
Zapata,Carlos Raúl,M,SALTA,2025-2029,03/12/2025,10/12/2025,LA LIBERTAD AVANZA
Zaracho,Natalia,F,BUENOS AIRES,2023-2027,07/12/2023,10/12/2023,UNIÓN POR LA PATRIA
Zigarán,María Inés,F,JUJUY,2025-2029,03/12/2025,10/12/2025,PROVINCIAS UNIDAS
Zulli,Christian Alejandro,M,CORRIENTES,2023-2027,07/12/2023,10/12/2023,UNIÓN POR LA PATRIA
