BLOQUE,DIPUTADO_NOMBRE,DIPUTADO_APELLIDO,CARGO,CANTIDAD
LA LIBERTAD AVANZA,GABRIEL,BORNORONI,PRESIDENTE,95
UNION POR LA PATRIA,GERMAN,MARTINEZ,PRESIDENTE,93
PROVINCIAS UNIDAS,GISELA,SCAGLIA,PRESIDENTE,18
PRO,CRISTIAN,RITONDO,PRESIDENTE,12
INNOVACION FEDERAL,ALBERTO,ARRUA,PRESIDENTE,9
UCR - UNION CIVICA RADICAL,PAMELA FERNANDA,VERESAY,PRESIDENTE,6
ELIJO CATAMARCA,SEBASTIAN,NOBLEGA,PRESIDENTE,3
INDEPENDENCIA,GLADYS,MEDINA,PRESIDENTE,3
PTS-FRENTE DE IZQUIERDA Y TRABAJADORES DE UNIDAD,MYRIAM,BREGMAN,PRESIDENTE,2
COALICION CIVICA,MAXIMILIANO,FERRARO,PRESIDENTE,2
ENCUENTRO FEDERAL,MIGUEL ANGEL,PICHETTO,PRESIDENTE,2
MID - MOVIMIENTO DE INTEGRACION Y DESARROLLO,OSCAR,ZAGO,PRESIDENTE,2
PRODUCCION Y TRABAJO,NANCY VIVIANA,PICON MARTINEZ,PRESIDENTE,2
PARTIDO OBRERO EN EL FRENTE DE IZQUIERDA Y DE TRABAJADORES-UNIDAD,ROMINA,DEL PLA,PRESIDENTE,2
COHERENCIA,MARCELA MARINA,PAGANO,PRESIDENTE,1
ADELANTE BUENOS AIRES,KARINA,BANFI,PRESIDENTE,1
DEFENDAMOS CORDOBA,NATALIA,DE LA SOTA,PRESIDENTE,1
LA NEUQUINIDAD,KARINA,MAUREIRA,PRESIDENTE,1
POR SANTACRUZ,JOSE LUIS,GARRIDO,PRESIDENTE,1
PRIMERO SAN LUIS,JORGE,FERNANDEZ,PRESIDENTE,1
