bloque_actual,diputado,distrito,en_la_camara_desde,bloque_2025,6/8/2025,20/8/2025,17/9/2025
ADELANTE BUENOS AIRES,"Banfi, Karina",Buenos Aires,10/12/2023,Ucr - Union Civica Radical,afirmativo,afirmativo,afirmativo
ARGENTINA FEDERAL,"Arrúa, Alberto",Misiones,10/12/2023,Innovacion Federal,ausente,afirmativo,afirmativo
ARGENTINA FEDERAL,"Biella, Bernardo",Salta,10/12/2025,,(no estaba),(no estaba),(no estaba)
ARGENTINA FEDERAL,"González, Gerardo Gustavo",Formosa,10/12/2023,6/8/2025: La Libertad Avanza → 17/9/2025: Coherencia,negativo,ausente,afirmativo
ARGENTINA FEDERAL,"Herrera Ahuad, Oscar A.",Misiones,10/12/2025,,(no estaba),(no estaba),(no estaba)
ARGENTINA FEDERAL,"Outes, Pablo",Salta,10/12/2023,Innovacion Federal,afirmativo,afirmativo,afirmativo
ARGENTINA FEDERAL,"Ruíz, Yamila",Misiones,10/12/2023,Innovacion Federal,ausente,afirmativo,afirmativo
ARGENTINA FEDERAL,"Vancsik, Daniel",Misiones,10/12/2023,Innovacion Federal,ausente,afirmativo,afirmativo
ARGENTINA FEDERAL,"Vega, Yolanda",Salta,10/12/2023,Innovacion Federal,afirmativo,afirmativo,afirmativo
ARGENTINA FEDERAL,"Álvarez, Claudio",San Luis,10/12/2025,,(no estaba),(no estaba),(no estaba)
ELIJO CATAMARCA,"Avila, Fernanda",Catamarca,10/12/2023,Union Por La Patria,afirmativo,afirmativo,ausente
ELIJO CATAMARCA,"Monguillot, Fernando",Catamarca,10/12/2025,,(no estaba),(no estaba),(no estaba)
ELIJO CATAMARCA,"Nóblega, Sebastián",Catamarca,10/12/2023,Union Por La Patria,afirmativo,afirmativo,afirmativo
INDEPENDENCIA,"Fernández, Elia Marina",Tucuman,10/12/2025,Independencia,afirmativo,afirmativo,afirmativo
INDEPENDENCIA,"Medina, Gladys",Tucuman,10/12/2025,Independencia,afirmativo,afirmativo,afirmativo
INDEPENDENCIA,"Noguera, Javier",Tucuman,10/12/2025,,(no estaba),(no estaba),(no estaba)
LA NEUQUINIDAD,"Maureira, Karina",Neuquen,10/12/2025,,(no estaba),(no estaba),(no estaba)
MID - MOVIMIENTO DE INTEGRACIÓN Y DESARROLLO,"Falcone, Eduardo",Buenos Aires,10/12/2023,Mid - Movimiento De Integracion Y Desarrollo,ausente,afirmativo,afirmativo
MID - MOVIMIENTO DE INTEGRACIÓN Y DESARROLLO,"Zago, Oscar",Ciudad De Buenos Aires,10/12/2023,Mid - Movimiento De Integracion Y Desarrollo,ausente,afirmativo,afirmativo
POR SANTA CRUZ,"Garrido, José Luis",Santa Cruz,10/12/2023,Por Santa Cruz,negativo,afirmativo,negativo
PRODUCCION Y TRABAJO,"Jaime Quiroga, Carlos Gustavo",San Juan,10/12/2025,,(no estaba),(no estaba),(no estaba)
PRODUCCION Y TRABAJO,"Picón Martínez, Nancy Viviana",San Juan,10/12/2023,Produccion Y Trabajo,afirmativo,afirmativo,afirmativo
PROVINCIAS UNIDAS,"Arrieta, Lourdes Micaela",Mendoza,10/12/2023,6/8/2025: Transformacion → 17/9/2025: Coherencia,afirmativo,afirmativo,afirmativo
PROVINCIAS UNIDAS,"Avila, Jorge Antonio",Chubut,10/12/2023,Encuentro Federal,afirmativo,afirmativo,afirmativo
PROVINCIAS UNIDAS,"Basualdo, Carolina",Cordoba,10/12/2025,,(no estaba),(no estaba),(no estaba)
PROVINCIAS UNIDAS,"Brügge, Juan Fernando",Cordoba,10/12/2023,Encuentro Federal,afirmativo,afirmativo,afirmativo
PROVINCIAS UNIDAS,"Capozzi, Sergio Eduardo",Rio Negro,10/12/2023,Pro,negativo,negativo,negativo
PROVINCIAS UNIDAS,"Coletta, Mariela",Ciudad De Buenos Aires,10/12/2023,Democracia Para Siempre,afirmativo,afirmativo,afirmativo
PROVINCIAS UNIDAS,"Farías, Pablo",Santa Fe,10/12/2025,,(no estaba),(no estaba),(no estaba)
PROVINCIAS UNIDAS,"García Aresca, Ignacio",Cordoba,10/12/2025,Encuentro Federal,afirmativo,afirmativo,afirmativo
PROVINCIAS UNIDAS,"Gutiérrez, Carlos",Cordoba,10/12/2023,Encuentro Federal,afirmativo,afirmativo,afirmativo
PROVINCIAS UNIDAS,"Juliano, Pablo",Buenos Aires,10/12/2023,Democracia Para Siempre,afirmativo,afirmativo,afirmativo
PROVINCIAS UNIDAS,"Lousteau, Martín",Ciudad De Buenos Aires,10/12/2025,,(no estaba),(no estaba),(no estaba)
PROVINCIAS UNIDAS,"Nuñez, José",Santa Fe,10/12/2023,Pro,negativo,negativo,ausente
PROVINCIAS UNIDAS,"Paulón, Esteban",Santa Fe,10/12/2023,Encuentro Federal,afirmativo,afirmativo,afirmativo
PROVINCIAS UNIDAS,"Rizzotti, Jorge",Jujuy,10/12/2023,Democracia Para Siempre,afirmativo,afirmativo,afirmativo
PROVINCIAS UNIDAS,"Scaglia, Gisela",Santa Fe,10/12/2025,,(no estaba),(no estaba),(no estaba)
PROVINCIAS UNIDAS,"Schiaretti, Juan",Cordoba,12/02/2026,,(no estaba),(no estaba),(no estaba)
PROVINCIAS UNIDAS,"Torres, Alejandra",Cordoba,10/12/2023,Encuentro Federal,afirmativo,afirmativo,afirmativo
PROVINCIAS UNIDAS,"Zigarán, María Inés",Jujuy,10/12/2025,,(no estaba),(no estaba),(no estaba)
