senador,bloque,provincia,voto,sentido
"Abad, Maximiliano",UCR - UNIÓN CÍVICA RADICAL,Buenos Aires,ABSTENCIÓN,abstención
"De Pedro, Eduardo Enrique",JUSTICIALISTA,Buenos Aires,NEGATIVO,contra el DNU
"Di Tullio, Juliana",JUSTICIALISTA,Buenos Aires,NEGATIVO,contra el DNU
"Andrada, Guillermo Eduardo",CONVICCIÓN FEDERAL,Catamarca,NEGATIVO,contra el DNU
"Corpacci, Lucía Benigna",JUSTICIALISTA,Catamarca,NEGATIVO,contra el DNU
"Fama, Flavio Sergio",UCR - UNIÓN CÍVICA RADICAL,Catamarca,AFIRMATIVO,a favor del DNU
"Pilatti Vergara, María Inés",FRENTE NACIONAL Y POPULAR,Chaco,NEGATIVO,contra el DNU
"Rodas, Antonio José",FRENTE NACIONAL Y POPULAR,Chaco,NEGATIVO,contra el DNU
"Zimmermann, Victor",UCR - UNIÓN CÍVICA RADICAL,Chaco,AFIRMATIVO,a favor del DNU
"Cristina, Andrea Marcela",FRENTE PRO,Chubut,AFIRMATIVO,a favor del DNU
"Linares, Carlos Alberto",JUSTICIALISTA,Chubut,NEGATIVO,contra el DNU
"Terenzi, Edith Elizabeth",DESPIERTA CHUBUT,Chubut,NEGATIVO,contra el DNU
"Lousteau, Martín",UCR - UNIÓN CÍVICA RADICAL,Ciudad Autónoma De Buenos Aires,NEGATIVO,contra el DNU
"Recalde, Mariano",UNIDAD CIUDADANA,Ciudad Autónoma De Buenos Aires,NEGATIVO,contra el DNU
"Tagliaferri, Guadalupe",FRENTE PRO,Ciudad Autónoma De Buenos Aires,AFIRMATIVO,a favor del DNU
"Espínola, Carlos Mauricio",PROVINCIAS UNIDAS,Corrientes,NEGATIVO,contra el DNU
"Valenzuela, Mercedes Gabriela",UCR - UNIÓN CÍVICA RADICAL,Corrientes,AFIRMATIVO,a favor del DNU
"Vischi, Eduardo Alejandro",UCR - UNIÓN CÍVICA RADICAL,Corrientes,AFIRMATIVO,a favor del DNU
"Alvarez Rivero, Carmen",LA LIBERTAD AVANZA,Córdoba,AFIRMATIVO,a favor del DNU
"Juez, Luis Alfredo",LA LIBERTAD AVANZA,Córdoba,AFIRMATIVO,a favor del DNU
"Vigo, Alejandra María",PROVINCIAS UNIDAS,Córdoba,ABSTENCIÓN,abstención
"De Angeli, Alfredo Luis",FRENTE PRO,Entre Ríos,AFIRMATIVO,a favor del DNU
"Kueider, Edgardo Darío",UNIDAD FEDERAL,Entre Ríos,NEGATIVO,contra el DNU
"Olalla, Stella Maris",UCR - UNIÓN CÍVICA RADICAL,Entre Ríos,AFIRMATIVO,a favor del DNU
"González, María Teresa Margarita",JUSTICIALISTA,Formosa,NEGATIVO,contra el DNU
"Mayans, José Miguel Ángel",JUSTICIALISTA,Formosa,NEGATIVO,contra el DNU
"Paoltroni, Francisco Manuel",LA LIBERTAD AVANZA,Formosa,AFIRMATIVO,a favor del DNU
"Atauche, Ezequiel",LA LIBERTAD AVANZA,Jujuy,AFIRMATIVO,a favor del DNU
"Bedia, Vilma Facunda",LA LIBERTAD AVANZA,Jujuy,AFIRMATIVO,a favor del DNU
"Moises, María Carolina",CONVICCIÓN FEDERAL,Jujuy,NEGATIVO,contra el DNU
"Bensusán, Daniel Pablo",JUSTICIALISTA,La Pampa,NEGATIVO,contra el DNU
"Huala, María Victoria",FRENTE PRO,La Pampa,AFIRMATIVO,a favor del DNU
"Kroneberger, Daniel Ricardo",UCR - UNIÓN CÍVICA RADICAL,La Pampa,AFIRMATIVO,a favor del DNU
"López, María Florencia",JUSTICIALISTA,La Rioja,NEGATIVO,contra el DNU
"Pagotto, Juan Carlos",LA LIBERTAD AVANZA,La Rioja,AFIRMATIVO,a favor del DNU
"Rejal, Jesús Fernando",JUSTICIA SOCIAL FEDERAL,La Rioja,NEGATIVO,contra el DNU
"Fernández Sagasti, Anabel",JUSTICIALISTA,Mendoza,NEGATIVO,contra el DNU
"Juri, Mariana",UCR - UNIÓN CÍVICA RADICAL,Mendoza,AFIRMATIVO,a favor del DNU
"Suárez, Rodolfo Alejandro",UCR - UNIÓN CÍVICA RADICAL,Mendoza,AFIRMATIVO,a favor del DNU
"Arce, Carlos Omar",MOVIMIENTO POR MISIONES,Misiones,ABSTENCIÓN,abstención
"Goerling Lara, Enrique Martín",FRENTE PRO,Misiones,AFIRMATIVO,a favor del DNU
"Rojas Decut, Sonia Elizabeth",MOVIMIENTO POR MISIONES,Misiones,ABSTENCIÓN,abstención
"Crexell, Carmen Lucila",MOVIMIENTO NEUQUINO,Neuquén,NEGATIVO,contra el DNU
"Parrilli, Oscar Isidro",UNIDAD CIUDADANA,Neuquén,NEGATIVO,contra el DNU
"Sapag, Silvia Estela",UNIDAD CIUDADANA,Neuquén,NEGATIVO,contra el DNU
"Doñate, Claudio Martín",UNIDAD CIUDADANA,Río Negro,NEGATIVO,contra el DNU
"García Larraburu, Silvina Marcela",UNIDAD CIUDADANA,Río Negro,NEGATIVO,contra el DNU
"Silva, Mónica Esther",JUNTOS SOMOS RÍO NEGRO,Río Negro,NEGATIVO,contra el DNU
"Giménez, Nora Del Valle",UNIDAD CIUDADANA,Salta,NEGATIVO,contra el DNU
"Leavy, Sergio Napoleón",UNIDAD CIUDADANA,Salta,NEGATIVO,contra el DNU
"Romero, Juan Carlos",CAMBIO FEDERAL,Salta,AFIRMATIVO,a favor del DNU
"Giménez Navarro, María Celeste",JUSTICIALISTA,San Juan,NEGATIVO,contra el DNU
"Olivera Lucero, Bruno Antonio",LA LIBERTAD AVANZA,San Juan,AFIRMATIVO,a favor del DNU
"Uñac, Sergio Mauricio",JUSTICIALISTA,San Juan,NEGATIVO,contra el DNU
"Abdala, Bartolomé Esteban",LA LIBERTAD AVANZA,San Luis,AUSENTE,ausente
"Arrascaeta, Ivanna Marcela",LA LIBERTAD AVANZA,San Luis,AFIRMATIVO,a favor del DNU
"Salino, Fernando Aldo",JUSTICIA SOCIAL FEDERAL,San Luis,NEGATIVO,contra el DNU
"Carambia, José María",MOVERE SANTA CRUZ,Santa Cruz,NEGATIVO,contra el DNU
"Gadano, Natalia Elena",MOVERE SANTA CRUZ,Santa Cruz,NEGATIVO,contra el DNU
"Kirchner, Alicia Margarita Antonia",JUSTICIALISTA,Santa Cruz,NEGATIVO,contra el DNU
"Galaretto, Eduardo Horacio",UCR - UNIÓN CÍVICA RADICAL,Santa Fe,AFIRMATIVO,a favor del DNU
"Lewandowski, Marcelo Néstor",JUSTICIALISTA,Santa Fe,NEGATIVO,contra el DNU
"Losada, Carolina",UCR - UNIÓN CÍVICA RADICAL,Santa Fe,AFIRMATIVO,a favor del DNU
"Ledesma Abdala De Zamora, Claudia",FRENTE NACIONAL Y POPULAR,Santiago Del Estero,NEGATIVO,contra el DNU
"Montenegro, Gerardo Antenor",FRENTE NACIONAL Y POPULAR,Santiago Del Estero,NEGATIVO,contra el DNU
"Neder, José Emilio",SIN ESPECIFICAR,Santiago Del Estero,NEGATIVO,contra el DNU
"Blanco, Pablo Daniel",UCR - UNIÓN CÍVICA RADICAL,"Tierra Del Fuego, Antártida E Islas Del Atlántico Sur",NEGATIVO,contra el DNU
"Duré, María Eugenia",UNIDAD CIUDADANA,"Tierra Del Fuego, Antártida E Islas Del Atlántico Sur",NEGATIVO,contra el DNU
"López, Cándida Cristina",SIN ESPECIFICAR,"Tierra Del Fuego, Antártida E Islas Del Atlántico Sur",NEGATIVO,contra el DNU
"Avila, Beatriz Luisa",INDEPENDENCIA,Tucumán,AFIRMATIVO,a favor del DNU
"Manzur, Juan Luis",JUSTICIALISTA,Tucumán,NEGATIVO,contra el DNU
"Mendoza, Sandra Mariela",CONVICCIÓN FEDERAL,Tucumán,NEGATIVO,contra el DNU
